,slope_per_year,total_change,r_squared,p_value,significant
wind_speed,0.0009767510983140141,0.045907301620758664,0.0023924800653006223,0.7440488230971988,False
temperature,0.016828106797289997,0.7909210194726298,0.22861180669570907,0.0006759964223828152,True
precipitation,-0.12773252695468937,-6.0034287668704005,0.08609974991374414,0.045309108377137856,True
runoff,-0.06828866253524227,-3.2095671391563867,0.12637013591970436,0.014200685133473214,True
snowmelt,-0.054642016244254216,-2.568174763479948,0.09674632448321903,0.03333143825842008,True
