,slope_per_year,total_change,r_squared,p_value,significant
wind_speed,0.0009767510983140037,0.04590730162075818,0.0023924800653005707,0.7440488230972012,False
temperature,0.016828106797289966,0.7909210194726284,0.22861180669570838,0.0006759964223828309,True
precipitation,-0.1277325269546895,-6.003428766870407,0.08609974991374424,0.04530910837713773,True
runoff,-0.06828866253524231,-3.2095671391563885,0.12637013591970442,0.01420068513347319,True
snowmelt,-0.05464201624425424,-2.5681747634799494,0.09674632448321907,0.033331438258420006,True
